"appId","appAbrv","appName","appDesc","appUrl"
"1","APP Abrv","APP 1","APP Description","APP Url"
"2","APP Abrv","APP 2","APP Description","APP Url"
"3","APP Abrv","APP 3","APP Description","APP Url"
"4","APP Abrv","APP 4","APP Description","APP Url"
"5","APP Abrv","APP 5","APP Description","APP Url"
"6","APP Abrv","APP 6","APP Description","APP Url"
"7","APP Abrv","APP 7","APP Description","APP Url"
"8","APP Abrv","APP 8","APP Description","APP Url"
"9","APP Abrv","APP 9","APP Description","APP Url"
"10","APP Abrv","APP 10","APP Description","APP Url"
"11",,"APP 11","APP Desc","APP url"